Ticket_Number,Product_Code,Brand,CAT,BU,SKU_Name,Mapping_Status
6852868-20260428-163605,,Not Available,Not Available,Not Available,Nescafe Gold Original Rs. 1450,Not Available
6852868-20260428-164006,,Not Available,Not Available,Not Available,Damage and wet cartons of chocolate- Kitkat Rs. 25,Not Available
6852868-20260130-160237,,Not Available,Not Available,Not Available,,Not Available
6852868-20260127-120147,,Not Available,Not Available,Not Available,Milkybar Mould Rs. 20; Milkybar Mould 16(24*24.5g) N1 IN SKU Code: 5341C711AA,Not Available
6852868-20260127-120439,,Not Available,Not Available,Not Available,Iced Premix- 2,Not Available
5242655-20260302-140013,60170453,Not Available,Not Available,Not Available,,Not Available
5242655-20260302-140013,60440453,Not Available,Not Available,Not Available,,Not Available
6973481-20260416-111911,,Not Available,Not Available,Not Available,,Not Available
6824058-20260630-131544,,Not Available,Not Available,Not Available,MAGGI HOT & SWEET 24x500g N1,Not Available
6824058-20260603-155215,,Not Available,Not Available,Not Available,KITKAT CHUNKY Miniatures 24x126g,Not Available
6824058-20260530-113030,,Not Available,Not Available,Not Available,MAGGI 2-MINN Masala 48x150g N1,Not Available
6824058-20260528-130103,,Not Available,Not Available,Not Available,MAGGI Coconut Milk Liquid 6(6x180ml) IN,Not Available
6824058-20260512-124517,,Not Available,Not Available,Not Available,MAGGI 2-MINN Masala 48x150g N1,Not Available
6824058-20260512-125430,,Not Available,Not Available,Not Available,MAGGI Tomato Ketchup 12x960g IN,Not Available
6824058-20260508-140201,,Not Available,Not Available,Not Available,CERL STG3 Whe Rice Mix Frt 24x300g WS IN,Not Available
6824058-20260428-124743,,Not Available,Not Available,Not Available,NESTLE Munch Cereal 32x120g IN,Not Available
6824058-20260420-121358,,Not Available,Not Available,Not Available,MAGGI 2-MINN Masala 96x75g N2 IN,Not Available
6824058-20260410-135740,,Not Available,Not Available,Not Available,CERELAC STG2 Rice Veg 24x300g ZS IN,Not Available
6824058-20260410-135943,,Not Available,Not Available,Not Available,CERELAC STG2 Whe App Chry ZS 24x350g IN,Not Available
6824058-20260404-114351,,Not Available,Not Available,Not Available,MUNCH Maxx 12(24x42g) PR Iphone IN,Not Available
6824058-20260327-175401,,Not Available,Not Available,Not Available,MAGGI Coconut Milk Liquid 6(6x180ml) IN,Not Available
6824058-20260206-155104,,Not Available,Not Available,Not Available,MAGGI Coconut Milk Powder 12x1kg N2 IN,Not Available
6824058-20260110-123234,,Not Available,Not Available,Not Available,KIT KAT 2F MINI 24(42x13.2g) IN,Not Available
6903453-20260430-123404,,Not Available,Not Available,Not Available,,Not Available
6903453-20260430-123632,,Not Available,Not Available,Not Available,,Not Available
6903453-20260427-124433,,Not Available,Not Available,Not Available,,Not Available
5584508-20260223-174234,,Not Available,Not Available,Not Available,,Not Available
600980-20260508-225758,,Not Available,Not Available,Not Available,,Not Available
600983-20260612-161346,10584810,Not Available,Not Available,Not Available,Product Description Rice Ada,Not Available
600983-20260325-133850,10584810,Not Available,Not Available,Not Available,Rice Ada,Not Available
5531976-20260318-165642,,Not Available,Not Available,Not Available,,Not Available
600985-20260623-153909,,Not Available,Not Available,Not Available,LACTOGEN PRO2 BIB 24x400g INLEB086 N1 IN,Not Available
600985-20260509-175635,,Not Available,Not Available,Not Available,MAGGI Masala-ae-Magic Sbg 40x120g N4 IN,Not Available
600985-20260509-180126,,Not Available,Not Available,Not Available,MAGGI Masala-ae-Magic Sbg 40x120g N4 IN,Not Available
600985-20260424-132434,,Not Available,Not Available,Not Available,CERELAC STG1 Wht App Carrot 24x330gZS IN,Not Available
600985-20260418-142943,,Not Available,Not Available,Not Available,LACTOGEN PRO1 BIB 24x400g INNWPB176 IN,Not Available
600985-20260130-164353,,Not Available,Not Available,Not Available,,Not Available
600985-20260123-142139,,Not Available,Not Available,Not Available,,Not Available
3997672-20260111-174711,,Not Available,Not Available,Not Available,,Not Available
7566721-20260630-182134,,Not Available,Not Available,Not Available,,Not Available
600991-20260618-103006,,Not Available,Not Available,Not Available,,Not Available
600991-20260403-103530,,Not Available,Not Available,Not Available,,Not Available
600991-20260203-104125,,Not Available,Not Available,Not Available,,Not Available
600991-20260126-115228,,Not Available,Not Available,Not Available,,Not Available
7542191-20260609-135040,,Not Available,Not Available,Not Available,,Not Available
7313829-20260618-155617,,Not Available,Not Available,Not Available,MAGGI 2-MINN Mas 24X300g PR RS 2 Off IN X244,Not Available
7313829-20260411-163054,,Not Available,Not Available,Not Available,NESCAFE Clas Black Roast Jar 24X90g IN,Not Available
7313829-20260411-163616,,Not Available,Not Available,Not Available,MAGGI 2-MINN Chkn 24X304g IN X244 - 62.00,Not Available
7313829-20260115-130151,19023010,Not Available,Not Available,Not Available,"MAG-NTR-ICS-ATTA 96*73.5G TANGY TOM IN,",Not Available
601004-20260608-124832,,Not Available,Not Available,Not Available,,Not Available
601004-20260311-102429,,Not Available,Not Available,Not Available,,Not Available
7453826-20260416-152351,,Not Available,Not Available,Not Available,,Not Available
6224559-20260608-181318,,Not Available,Not Available,Not Available,,Not Available
601014-20260525-192337,19023010,Not Available,Not Available,Not Available,,Not Available
601014-20260415-171830,19011090,Not Available,Not Available,Not Available,,Not Available
6441951-20260620-164409,,Not Available,Not Available,Not Available,,Not Available
6441951-20260508-184949,,Not Available,Not Available,Not Available,,Not Available
6441951-20260331-163702,,Not Available,Not Available,Not Available,,Not Available
6441951-20260331-193005,,Not Available,Not Available,Not Available,,Not Available
6441951-20260328-180739,,Not Available,Not Available,Not Available,,Not Available
4766881-20260515-165915,,Not Available,Not Available,Not Available,,Not Available
4766881-20260502-110041,,Not Available,Not Available,Not Available,,Not Available
4766881-20260501-195540,,Not Available,Not Available,Not Available,,Not Available
4766881-20260428-124850,,Not Available,Not Available,Not Available,,Not Available
4766881-20260423-155354,,Not Available,Not Available,Not Available,,Not Available
4766881-20260128-163822,,Not Available,Not Available,Not Available,,Not Available
7043746-20260528-145031,,Not Available,Not Available,Not Available,,Not Available
7043746-20260528-145213,,Not Available,Not Available,Not Available,,Not Available
7301189-20260518-153106,,Not Available,Not Available,Not Available,,Not Available
6077575-20260630-141256,,Not Available,Not Available,Not Available,,Not Available
6077575-20260630-141622,,Not Available,Not Available,Not Available,,Not Available
6077575-20260629-151132,,Not Available,Not Available,Not Available,,Not Available
6077575-20260624-152200,,Not Available,Not Available,Not Available,,Not Available
6077575-20260619-121704,,Not Available,Not Available,Not Available,,Not Available
6077575-20260619-121832,,Not Available,Not Available,Not Available,,Not Available
6077575-20260526-154623,,Not Available,Not Available,Not Available,,Not Available
6077575-20260428-133438,12581838,Not Available,Not Available,Not Available,,Not Available
6077575-20260325-121805,,Not Available,Not Available,Not Available,,Not Available
6077575-20260325-121824,,Not Available,Not Available,Not Available,,Not Available
6077575-20260318-123719,,Not Available,Not Available,Not Available,,Not Available
6077575-20260313-164414,,Not Available,Not Available,Not Available,,Not Available
6077575-20260310-131851,,Not Available,Not Available,Not Available,,Not Available
6077575-20260228-144435,,Not Available,Not Available,Not Available,,Not Available
6077575-20260227-111013,,Not Available,Not Available,Not Available,,Not Available
6077575-20260227-112206,,Not Available,Not Available,Not Available,,Not Available
6077575-20260217-181717,,Not Available,Not Available,Not Available,,Not Available
6077575-20260211-175234,,Not Available,Not Available,Not Available,,Not Available
6077575-20260211-175503,,Not Available,Not Available,Not Available,,Not Available
6077575-20260211-175635,,Not Available,Not Available,Not Available,,Not Available
6077575-20260211-175710,,Not Available,Not Available,Not Available,,Not Available
6077575-20260211-175857,,Not Available,Not Available,Not Available,,Not Available
6077575-20260124-115342,,Not Available,Not Available,Not Available,,Not Available
6077575-20260113-115610,,Not Available,Not Available,Not Available,,Not Available
6077575-20260113-115741,,Not Available,Not Available,Not Available,,Not Available
6077575-20260108-173359,,Not Available,Not Available,Not Available,,Not Available
7209162-20260523-123940,,Not Available,Not Available,Not Available,,Not Available
6967310-20260502-095331,,Not Available,Not Available,Not Available,,Not Available
6967310-20260502-095604,,Not Available,Not Available,Not Available,,Not Available
6967310-20260502-095755,,Not Available,Not Available,Not Available,,Not Available
6967310-20260502-100214,,Not Available,Not Available,Not Available,,Not Available
6967310-20260416-124001,,Not Available,Not Available,Not Available,,Not Available
6967310-20260416-124824,,Not Available,Not Available,Not Available,,Not Available
6967310-20260416-125341,,Not Available,Not Available,Not Available,,Not Available
7087765-20260516-123908,,Not Available,Not Available,Not Available,,Not Available
3068405-20260223-180550,,Not Available,Not Available,Not Available,,Not Available
7463388-20260526-161342,,Not Available,Not Available,Not Available,EVERYDAY 1KG,Not Available
601086-20260606-125448,,Not Available,Not Available,Not Available,,Not Available
601086-20260602-112617,,Not Available,Not Available,Not Available,,Not Available
601086-20260509-165427,,Not Available,Not Available,Not Available,,Not Available
601086-20260423-122907,,Not Available,Not Available,Not Available,,Not Available
601086-20260423-123552,,Not Available,Not Available,Not Available,,Not Available
601086-20260324-120213,,Not Available,Not Available,Not Available,,Not Available
601086-20260202-134310,,Not Available,Not Available,Not Available,,Not Available
601086-20260202-134512,,Not Available,Not Available,Not Available,,Not Available
601086-20260130-132218,,Not Available,Not Available,Not Available,,Not Available
601086-20260123-173530,,Not Available,Not Available,Not Available,,Not Available
5835653-20260321-114356,,Not Available,Not Available,Not Available,,Not Available
3765015-20260617-143511,,Not Available,Not Available,Not Available,,Not Available
601101-20260312-154337,,Not Available,Not Available,Not Available,,Not Available
601101-20260305-161039,,Not Available,Not Available,Not Available,Maggi Hot & sweet 24*500g NI IN,Not Available
1024735-20260304-140243,,Not Available,Not Available,Not Available,,Not Available
3891254-20260319-095836,,Not Available,Not Available,Not Available,,Not Available
6955143-20260617-181449,,Not Available,Not Available,Not Available,,Not Available
6955143-20260409-150005,,Not Available,Not Available,Not Available,,Not Available
6969849-20260313-072016,,Not Available,Not Available,Not Available,KIT KAT 8x1F Family Pack 120x59.2 IN ITEM CODE - 12605821,Not Available
6631049-20260109-110912,,Not Available,Not Available,Not Available,,Not Available
7499215-20260324-172218,60640454,Not Available,Not Available,Not Available,,Not Available
7569809-20260606-170459,,Not Available,Not Available,Not Available,,Not Available
3650468-20260325-134347,,Not Available,Not Available,Not Available,,Not Available
3650468-20260129-183130,,Not Available,Not Available,Not Available,,Not Available
6204243-20260428-183709,,Not Available,Not Available,Not Available,Suparcoat adult chicken 20kg -1 bag,Not Available
6204243-20260324-181809,,Not Available,Not Available,Not Available,Suparcoat adult chicken 20kg -1 bag proplan puppy large breed 15 kg -1 bag,Not Available
6204243-20260206-185602,,Not Available,Not Available,Not Available,Suparcoat adult chicken 10kg -1 bag,Not Available
6204243-20260126-152342,,Not Available,Not Available,Not Available,proplan puppy starter 12 kg -1 bag,Not Available
6204243-20260113-193416,,Not Available,Not Available,Not Available,Supercoat adult 20 kg -2 bag,Not Available
6204243-20260113-194314,,Not Available,Not Available,Not Available,Supercoat adult 10 kg -2 bag -Supercoat adult 20 kg-1 BAG,Not Available
6204243-20260113-194619,,Not Available,Not Available,Not Available,Supercoat adult 10 kg -2 bag,Not Available
7351693-20260207-171149,,Not Available,Not Available,Not Available,,Not Available
6870565-20260307-143659,,Not Available,Not Available,Not Available,,Not Available
7296533-20260306-113301,,Not Available,Not Available,Not Available,,Not Available
7083698-20260625-155214,,Not Available,Not Available,Not Available,,Not Available
7402251-20260623-131704,,Not Available,Not Available,Not Available,,Not Available
7083698-20260620-174342,,Not Available,Not Available,Not Available,,Not Available
7083698-20260615-174415,,Not Available,Not Available,Not Available,,Not Available
7083698-20260615-174544,,Not Available,Not Available,Not Available,,Not Available
7083698-20260613-154053,,Not Available,Not Available,Not Available,,Not Available
7083698-20260612-160555,,Not Available,Not Available,Not Available,,Not Available
7402251-20260612-164719,,Not Available,Not Available,Not Available,,Not Available
7083698-20260606-154953,,Not Available,Not Available,Not Available,,Not Available
7083698-20260606-155156,,Not Available,Not Available,Not Available,,Not Available
7402251-20260605-171410,,Not Available,Not Available,Not Available,,Not Available
7402251-20260604-173942,,Not Available,Not Available,Not Available,,Not Available
7083698-20260602-162716,,Not Available,Not Available,Not Available,,Not Available
7255337-20260602-152105,,Not Available,Not Available,Not Available,,Not Available
7255337-20260602-152527,,Not Available,Not Available,Not Available,,Not Available
7402251-20260529-174253,,Not Available,Not Available,Not Available,,Not Available
7083698-20260526-145127,,Not Available,Not Available,Not Available,,Not Available
7366995-20260526-154857,,Not Available,Not Available,Not Available,,Not Available
7083698-20260516-163857,,Not Available,Not Available,Not Available,,Not Available
7083698-20260514-104512,,Not Available,Not Available,Not Available,,Not Available
7083698-20260511-115459,,Not Available,Not Available,Not Available,,Not Available
7083698-20260511-144539,,Not Available,Not Available,Not Available,,Not Available
7402251-20260509-164105,,Not Available,Not Available,Not Available,,Not Available
7402251-20260509-174801,,Not Available,Not Available,Not Available,,Not Available
7035170-20260506-121213,,Not Available,Not Available,Not Available,,Not Available
7402251-20260505-165640,,Not Available,Not Available,Not Available,,Not Available
7083698-20260428-104644,,Not Available,Not Available,Not Available,,Not Available
7083698-20260428-104744,,Not Available,Not Available,Not Available,,Not Available
7366995-20260425-121647,,Not Available,Not Available,Not Available,,Not Available
7083698-20260421-101618,,Not Available,Not Available,Not Available,,Not Available
7402251-20260421-105257,,Not Available,Not Available,Not Available,,Not Available
7083698-20260416-171029,,Not Available,Not Available,Not Available,,Not Available
7083698-20260413-162401,,Not Available,Not Available,Not Available,,Not Available
7366995-20260413-162947,,Not Available,Not Available,Not Available,,Not Available
7366995-20260410-135910,,Not Available,Not Available,Not Available,,Not Available
7402251-20260410-170233,,Not Available,Not Available,Not Available,,Not Available
7083698-20260409-172037,,Not Available,Not Available,Not Available,,Not Available
7366995-20260408-123508,,Not Available,Not Available,Not Available,,Not Available
7402251-20260406-160005,,Not Available,Not Available,Not Available,,Not Available
7083698-20260330-155358,,Not Available,Not Available,Not Available,,Not Available
7083698-20260328-183411,,Not Available,Not Available,Not Available,,Not Available
7083698-20260328-183512,,Not Available,Not Available,Not Available,,Not Available
7083698-20260326-181931,,Not Available,Not Available,Not Available,,Not Available
7083698-20260324-102351,,Not Available,Not Available,Not Available,,Not Available
7198887-20260320-163006,,Not Available,Not Available,Not Available,,Not Available
7366995-20260320-141440,,Not Available,Not Available,Not Available,,Not Available
7402251-20260316-162334,,Not Available,Not Available,Not Available,,Not Available
7402251-20260313-161203,,Not Available,Not Available,Not Available,,Not Available
7366995-20260228-122919,,Not Available,Not Available,Not Available,,Not Available
7366995-20260228-123828,,Not Available,Not Available,Not Available,,Not Available
7402251-20260227-162337,,Not Available,Not Available,Not Available,,Not Available
7083698-20260224-125150,,Not Available,Not Available,Not Available,,Not Available
7083698-20260223-154031,,Not Available,Not Available,Not Available,,Not Available
7083698-20260223-154150,,Not Available,Not Available,Not Available,,Not Available
7083698-20260221-120912,,Not Available,Not Available,Not Available,,Not Available
7083698-20260211-182240,,Not Available,Not Available,Not Available,,Not Available
7083698-20260211-182448,,Not Available,Not Available,Not Available,,Not Available
7255337-20260209-122950,,Not Available,Not Available,Not Available,,Not Available
6865552-20260205-123147,,Not Available,Not Available,Not Available,,Not Available
7083698-20260205-163141,,Not Available,Not Available,Not Available,,Not Available
7083698-20260204-173353,,Not Available,Not Available,Not Available,,Not Available
7402251-20260203-182557,,Not Available,Not Available,Not Available,,Not Available
7402251-20260130-165910,,Not Available,Not Available,Not Available,,Not Available
7402251-20260127-170011,,Not Available,Not Available,Not Available,,Not Available
7402251-20260127-171851,,Not Available,Not Available,Not Available,,Not Available
7083698-20260124-174404,,Not Available,Not Available,Not Available,,Not Available
7402251-20260122-163949,,Not Available,Not Available,Not Available,,Not Available
7083698-20260121-121255,,Not Available,Not Available,Not Available,,Not Available
7083698-20260121-121548,,Not Available,Not Available,Not Available,,Not Available
7083698-20260121-121640,,Not Available,Not Available,Not Available,,Not Available
7083698-20260121-121726,,Not Available,Not Available,Not Available,,Not Available
7402251-20260119-172932,,Not Available,Not Available,Not Available,,Not Available
7083698-20260114-180124,,Not Available,Not Available,Not Available,,Not Available
7083698-20260112-111548,,Not Available,Not Available,Not Available,,Not Available
7402251-20260112-172201,,Not Available,Not Available,Not Available,,Not Available
7083698-20260108-172926,,Not Available,Not Available,Not Available,,Not Available
7083698-20260108-173032,,Not Available,Not Available,Not Available,,Not Available
7402251-20260105-104747,,Not Available,Not Available,Not Available,,Not Available
6912092-20260102-132752,,Not Available,Not Available,Not Available,,Not Available
7083698-20260102-155612,,Not Available,Not Available,Not Available,,Not Available
7402251-20260102-104504,,Not Available,Not Available,Not Available,,Not Available
6912092-20260101-195641,,Not Available,Not Available,Not Available,,Not Available
3878245-20260623-192541,,Not Available,Not Available,Not Available,,Not Available
3878245-20260609-162633,,Not Available,Not Available,Not Available,,Not Available
6969839-20260419-112937,,Not Available,Not Available,Not Available,,Not Available
6969839-20260105-110221,,Not Available,Not Available,Not Available,,Not Available
601172-20260323-092832,,Not Available,Not Available,Not Available,,Not Available
601172-20260313-102802,,Not Available,Not Available,Not Available,,Not Available
7083713-20260605-131601,10584810,Not Available,Not Available,Not Available,,Not Available
7083713-20260227-170000,10604753,Not Available,Not Available,Not Available,408 PUZZLES ARE MISSING ON THAT,Not Available
7541792-20260217-204009,,Not Available,Not Available,Not Available,,Not Available
7329921-20260629-125426,10527353,Not Available,Not Available,Not Available,,Not Available
5144802-20260404-113758,,Not Available,Not Available,Not Available,,Not Available
6630974-20260510-070738,,Not Available,Not Available,Not Available,,Not Available
6630974-20260510-070856,,Not Available,Not Available,Not Available,,Not Available
6630974-20260510-071051,,Not Available,Not Available,Not Available,,Not Available
6630974-20260510-071446,,Not Available,Not Available,Not Available,,Not Available
7469478-20260511-183501,,Not Available,Not Available,Not Available,,Not Available
7469478-20260406-114128,,Not Available,Not Available,Not Available,,Not Available
7469478-20260327-125054,,Not Available,Not Available,Not Available,,Not Available
7469478-20260317-204500,,Not Available,Not Available,Not Available,,Not Available
601208-20260609-172238,,Not Available,Not Available,Not Available,,Not Available
601208-20260609-172901,,Not Available,Not Available,Not Available,,Not Available
601208-20260519-171205,,Not Available,Not Available,Not Available,,Not Available
601208-20260414-153318,,Not Available,Not Available,Not Available,,Not Available
601213-20260303-104503,,Not Available,Not Available,Not Available,MUNCH MAHA (10.4G) PRODUT CODE :14199857,Not Available
601213-20260223-162913,,Not Available,Not Available,Not Available,KIT KAT 2F MINI PRODUCT COD:12629157,Not Available
7589387-20260511-163054,,Not Available,Not Available,Not Available,,Not Available
7589387-20260511-163944,,Not Available,Not Available,Not Available,,Not Available
7093228-20260617-174144,,Not Available,Not Available,Not Available,,Not Available
7093228-20260610-160808,,Not Available,Not Available,Not Available,,Not Available
7093228-20260421-152453,,Not Available,Not Available,Not Available,,Not Available
7093228-20260418-122930,,Not Available,Not Available,Not Available,,Not Available
7093228-20260326-192415,,Not Available,Not Available,Not Available,,Not Available
7093228-20260325-131028,,Not Available,Not Available,Not Available,,Not Available
7093228-20260303-180021,,Not Available,Not Available,Not Available,,Not Available
7093228-20260217-132637,,Not Available,Not Available,Not Available,,Not Available
601233-20260430-204403,,Not Available,Not Available,Not Available,,Not Available
601233-20260310-124102,,Not Available,Not Available,Not Available,,Not Available
601236-20260330-181917,,Not Available,Not Available,Not Available,,Not Available
601236-20260313-173811,,Not Available,Not Available,Not Available,,Not Available
601236-20260313-174827,,Not Available,Not Available,Not Available,,Not Available
6605551-20260623-165401,,Not Available,Not Available,Not Available,,Not Available
6605551-20260623-165939,,Not Available,Not Available,Not Available,,Not Available
6700167-20260629-142502,,Not Available,Not Available,Not Available,,Not Available
6700167-20260615-145839,,Not Available,Not Available,Not Available,,Not Available
6700167-20260615-152145,,Not Available,Not Available,Not Available,,Not Available
6700167-20260612-163922,,Not Available,Not Available,Not Available,,Not Available
6700167-20260529-194407,,Not Available,Not Available,Not Available,,Not Available
6700167-20260520-190529,,Not Available,Not Available,Not Available,,Not Available
6700167-20260516-145957,,Not Available,Not Available,Not Available,,Not Available
6700167-20260417-183847,,Not Available,Not Available,Not Available,,Not Available
6700167-20260414-130448,,Not Available,Not Available,Not Available,,Not Available
6700167-20260328-183901,,Not Available,Not Available,Not Available,,Not Available
6700167-20260317-184942,,Not Available,Not Available,Not Available,,Not Available
6700167-20260206-161240,,Not Available,Not Available,Not Available,,Not Available
6700167-20260110-151306,,Not Available,Not Available,Not Available,,Not Available
5881290-20260418-131446,,Not Available,Not Available,Not Available,,Not Available
7209865-20260103-145648,,Not Available,Not Available,Not Available,,Not Available
7281254-20260122-123952,,Not Available,Not Available,Not Available,,Not Available
6006337-20260627-120342,,Not Available,Not Available,Not Available,,Not Available
6006337-20260620-203102,,Not Available,Not Available,Not Available,,Not Available
6006337-20260609-200345,,Not Available,Not Available,Not Available,,Not Available
6006337-20260515-174923,,Not Available,Not Available,Not Available,,Not Available
6006337-20260515-175214,,Not Available,Not Available,Not Available,,Not Available
6006337-20260109-133902,,Not Available,Not Available,Not Available,,Not Available
6006337-20260109-134019,,Not Available,Not Available,Not Available,,Not Available
601258-20260627-101618,,Not Available,Not Available,Not Available,,Not Available
601258-20260509-145407,,Not Available,Not Available,Not Available,,Not Available
601258-20260509-145700,,Not Available,Not Available,Not Available,,Not Available
601258-20260302-175340,,Not Available,Not Available,Not Available,,Not Available
601258-20260302-175710,,Not Available,Not Available,Not Available,,Not Available
601258-20260210-110310,,Not Available,Not Available,Not Available,,Not Available
601258-20260124-093011,,Not Available,Not Available,Not Available,,Not Available
6775174-20260619-143222,,Not Available,Not Available,Not Available,,Not Available
6775174-20260608-105501,,Not Available,Not Available,Not Available,,Not Available
6775174-20260525-160023,,Not Available,Not Available,Not Available,,Not Available
6775174-20260323-145213,,Not Available,Not Available,Not Available,,Not Available
6775174-20260320-144500,,Not Available,Not Available,Not Available,,Not Available
6775174-20260316-122748,,Not Available,Not Available,Not Available,,Not Available
6775174-20260311-125823,,Not Available,Not Available,Not Available,,Not Available
6775174-20260309-143026,,Not Available,Not Available,Not Available,,Not Available
6775174-20260306-165423,,Not Available,Not Available,Not Available,,Not Available
6775174-20260227-100058,,Not Available,Not Available,Not Available,,Not Available
6775174-20260122-122054,,Not Available,Not Available,Not Available,,Not Available
6775174-20260115-175740,,Not Available,Not Available,Not Available,,Not Available
6775174-20260106-124820,,Not Available,Not Available,Not Available,,Not Available
6775174-20260103-111615,,Not Available,Not Available,Not Available,,Not Available
6775174-20260102-121832,,Not Available,Not Available,Not Available,,Not Available
7564898-20260610-180219,,Not Available,Not Available,Not Available,,Not Available
7466487-20260211-153204,,Not Available,Not Available,Not Available,,Not Available
6089280-20260629-122559,,Not Available,Not Available,Not Available,MAGGI HOT&SWEET 34*500G-2; MAGGI Tom Ket 24*190g-2; MAGGI Tom Ket 24*480g-1; MAGGI HOT&SWEET 24*200G-1,Not Available
6089280-20260324-151543,,Not Available,Not Available,Not Available,,Not Available
6089280-20260320-114145,,Not Available,Not Available,Not Available,,Not Available
6089280-20260224-181852,,Not Available,Not Available,Not Available,,Not Available
7489063-20260617-123450,,Not Available,Not Available,Not Available,,Not Available
7489063-20260214-125249,,Not Available,Not Available,Not Available,,Not Available
7321775-20260228-185744,,Not Available,Not Available,Not Available,,Not Available
6657817-20260623-100834,,Not Available,Not Available,Not Available,,Not Available
6657817-20260616-215313,,Not Available,Not Available,Not Available,MAGGI 2-MINN MASALA 48X140G INSIDE SEALED BOX - 6 NOS OF MAGGI SHORT IDENTIFIED WHILE UNLOADING DUE TO WEIGHT LOSS,Not Available
6657817-20260612-213640,,Not Available,Not Available,Not Available,,Not Available
724111-20260611-163234,,Not Available,Not Available,Not Available,,Not Available
724111-20260428-111839,,Not Available,Not Available,Not Available,,Not Available
724111-20260209-161742,,Not Available,Not Available,Not Available,,Not Available
724111-20260203-140834,,Not Available,Not Available,Not Available,,Not Available
724111-20260110-115214,,Not Available,Not Available,Not Available,,Not Available
7228376-20260605-104326,,Not Available,Not Available,Not Available,,Not Available
7228376-20260525-115903,,Not Available,Not Available,Not Available,,Not Available
7228376-20260323-121554,,Not Available,Not Available,Not Available,,Not Available
7228376-20260323-121859,,Not Available,Not Available,Not Available,,Not Available
7228376-20260221-152531,,Not Available,Not Available,Not Available,,Not Available
7366969-20260207-112534,,Not Available,Not Available,Not Available,,Not Available
601328-20260622-162943,,Not Available,Not Available,Not Available,,Not Available
601328-20260608-151604,,Not Available,Not Available,Not Available,,Not Available
601328-20260320-133018,,Not Available,Not Available,Not Available,,Not Available
601328-20260207-212607,,Not Available,Not Available,Not Available,,Not Available
601328-20260128-161928,,Not Available,Not Available,Not Available,Maggi Sauce Nong 24X190gm Invoiced,Not Available
601328-20260112-143614,,Not Available,Not Available,Not Available,,Not Available
601342-20260202-110600,,Not Available,Not Available,Not Available,,Not Available
601342-20260202-111028,,Not Available,Not Available,Not Available,,Not Available
7544037-20260611-152809,,Not Available,Not Available,Not Available,,Not Available
7544037-20260609-173449,,Not Available,Not Available,Not Available,,Not Available
5727251-20260527-183650,,Not Available,Not Available,Not Available,,Not Available
6379784-20260527-162837,,Not Available,Not Available,Not Available,,Not Available
5640631-20260210-145345,,Not Available,Not Available,Not Available,,Not Available
601366-20260518-182532,,Not Available,Not Available,Not Available,,Not Available
601366-20260425-115607,,Not Available,Not Available,Not Available,CASE RECEIVED; NESCAFE SUNRICE 90G,Not Available
601366-20260425-121036,,Not Available,Not Available,Not Available,CASE RECEIVED; MAGGI HOT & SWEET 12x1Kg N1 IN; MAGGI Tomato Ketchup 12x960g IN,Not Available
601366-20260425-121214,,Not Available,Not Available,Not Available,CASE RECEIVED; MILKYBAR Moosha Ctln 12(15x40.5g) IN; MILKYBAR Moosha Ctln 12(24x20g) N3 IN,Not Available
3000212-20260626-172507,,Not Available,Not Available,Not Available,,Not Available
3000212-20260528-134032,,Not Available,Not Available,Not Available,,Not Available
3000212-20260505-120750,,Not Available,Not Available,Not Available,,Not Available
3000212-20260307-151922,,Not Available,Not Available,Not Available,,Not Available
601369-20260228-134803,,Not Available,Not Available,Not Available,,Not Available
601383-20260624-195004,,Not Available,Not Available,Not Available,MAGGI Masala-ae-Magic 16(2(60x6g) N2 IN; MAGGI MeM 16(2(60x6g) PR Cassrole N1 IN,Not Available
601383-20260615-114252,,Not Available,Not Available,Not Available,LACTOGEN PRO 3 BIB 24x400g INJE087-2 IN,Not Available
601383-20260615-114541,,Not Available,Not Available,Not Available,MAGGI 2-MIN Spicy Garlic 24x248g IN,Not Available
601383-20260615-115356,,Not Available,Not Available,Not Available,MAGGI PAZZTA Masala 48x139g IN,Not Available
601383-20260613-183035,,Not Available,Not Available,Not Available,LACTOGEN PRO 3 BIB 24x400g INJE087-2 IN,Not Available
601383-20260523-164414,,Not Available,Not Available,Not Available,MAGGI 2-MINN Spicy Garlic 96x62g N1 IN,Not Available
601383-20260410-163354,,Not Available,Not Available,Not Available,MAGGI Masala-ae-Magic Sbg 60x72g N2 IN,Not Available
601383-20260410-163856,,Not Available,Not Available,Not Available,MAGGI 2-MIN Spicy Garlic 24x248g IN,Not Available
601383-20260410-164409,,Not Available,Not Available,Not Available,MAGGI PAZZTA Cheese 96x75g IN,Not Available
601383-20260410-164701,,Not Available,Not Available,Not Available,NESCAFE Classic Latte Cnd 30x200ml IN INVOICED,Not Available
601383-20260402-105418,,Not Available,Not Available,Not Available,KIT KAT DELIGHTS Multipack 48x150g IN,Not Available
601383-20260402-105833,,Not Available,Not Available,Not Available,NAN LO-LAC IF BIB 24x200g INNE003 IN,Not Available
601383-20260402-110820,,Not Available,Not Available,Not Available,NESTLE NESTOGEN1 BIB24x400gINNN004-1NRIN,Not Available
601383-20260323-172313,,Not Available,Not Available,Not Available,EVERYDAY DW 12x1kg NR IN; MAGGI H&S Sce Doy 6(16x75g) N2 IN,Not Available
601383-20260313-125242,,Not Available,Not Available,Not Available,MAGGI 2-MIN Spicy Garlic 24x248g IN,Not Available
601383-20260313-130835,,Not Available,Not Available,Not Available,MAGGI 2-MIN Spicy Garlic 24x248g IN,Not Available
601383-20260305-124702,,Not Available,Not Available,Not Available,MAGGI 2-MIN Spicy Garlic 24x248g IN,Not Available
601383-20260124-105342,,Not Available,Not Available,Not Available,CERELAC STG 4MU Dal Veg 24x300g ZS IN,Not Available
7339382-20260625-183859,,Not Available,Not Available,Not Available,,Not Available
7339382-20260625-183947,,Not Available,Not Available,Not Available,,Not Available
7339382-20260625-184430,,Not Available,Not Available,Not Available,,Not Available
7339382-20260625-184532,,Not Available,Not Available,Not Available,,Not Available
7339382-20260623-125232,,Not Available,Not Available,Not Available,,Not Available
7339382-20260623-133501,,Not Available,Not Available,Not Available,,Not Available
7339382-20260318-191938,,Not Available,Not Available,Not Available,,Not Available
7339382-20260213-201959,,Not Available,Not Available,Not Available,,Not Available
7096754-20260616-184636,,Not Available,Not Available,Not Available,,Not Available
7096754-20260519-175818,,Not Available,Not Available,Not Available,,Not Available
3643313-20260623-172831,,Not Available,Not Available,Not Available,,Not Available
4685760-20260604-122459,,Not Available,Not Available,Not Available,,Not Available
4685760-20260511-114629,,Not Available,Not Available,Not Available,,Not Available
4685760-20260105-121032,,Not Available,Not Available,Not Available,"BILLED; MAGGI CUPPA CHILLI NDLS 48X70G N2 IN; MAGGI CUPPA MASALA NOODLES 48X70G,",Not Available
4808207-20260119-161513,,Not Available,Not Available,Not Available,,Not Available
7466101-20260425-135952,,Not Available,Not Available,Not Available,,Not Available
601408-20260625-103410,,Not Available,Not Available,Not Available,,Not Available
601408-20260625-105526,,Not Available,Not Available,Not Available,,Not Available
601408-20260409-091137,,Not Available,Not Available,Not Available,,Not Available
601408-20260409-092332,,Not Available,Not Available,Not Available,,Not Available
601408-20260327-144038,,Not Available,Not Available,Not Available,,Not Available
7038326-20260627-011512,,Not Available,Not Available,Not Available,,Not Available
970494-20260317-181156,,Not Available,Not Available,Not Available,,Not Available
970494-20260317-181351,,Not Available,Not Available,Not Available,,Not Available
1996721-20260121-152812,,Not Available,Not Available,Not Available,,Not Available
7319065-20260609-180858,,Not Available,Not Available,Not Available,,Not Available
7319065-20260207-083000,,Not Available,Not Available,Not Available,,Not Available
7453150-20260601-141540,,Not Available,Not Available,Not Available,,Not Available
7453150-20260307-120657,,Not Available,Not Available,Not Available,SHORTAGE RECEIVED ON 04-03-2026 1.; MILKYBAR moosha Ctln 12(15x40.5g) IN - 1CS; MAGGI Ntr-Ics Atta 96x72.5g RC 2 IN- 20PCS,Not Available
6958240-20260307-123006,,Not Available,Not Available,Not Available,,Not Available
601440-20260406-122308,,Not Available,Not Available,Not Available,,Not Available
7256641-20260526-122753,,Not Available,Not Available,Not Available,,Not Available
7256641-20260422-162520,,Not Available,Not Available,Not Available,,Not Available
7083699-20260516-123051,,Not Available,Not Available,Not Available,,Not Available
7216265-20260516-190556,,Not Available,Not Available,Not Available,,Not Available
7216265-20260502-180620,,Not Available,Not Available,Not Available,,Not Available
7216265-20260228-113713,,Not Available,Not Available,Not Available,,Not Available
7216265-20260228-114532,,Not Available,Not Available,Not Available,no- 1099838082 Kitkat Tablet Caramel - 1 cs (90 rs ) batch code- 60370454x2 Above,Not Available
6077584-20260424-132423,,Not Available,Not Available,Not Available,,Not Available
7231947-20260313-143322,,Not Available,Not Available,Not Available,,Not Available
7231947-20260313-144159,,Not Available,Not Available,Not Available,,Not Available
601476-20260611-121617,,Not Available,Not Available,Not Available,,Not Available
601476-20260525-133657,,Not Available,Not Available,Not Available,,Not Available
6310775-20260328-194016,,Not Available,Not Available,Not Available,,Not Available
6310775-20260309-212852,,Not Available,Not Available,Not Available,,Not Available
6310775-20260213-132935,,Not Available,Not Available,Not Available,,Not Available
7459084-20260526-170039,,Not Available,Not Available,Not Available,,Not Available
7012481-20260622-121025,,Not Available,Not Available,Not Available,,Not Available
7012481-20260615-125630,,Not Available,Not Available,Not Available,,Not Available
7012481-20260615-130040,,Not Available,Not Available,Not Available,,Not Available
7012481-20260615-130401,,Not Available,Not Available,Not Available,,Not Available
7012481-20260615-130630,,Not Available,Not Available,Not Available,,Not Available
7012481-20260425-165405,,Not Available,Not Available,Not Available,,Not Available
7012481-20260412-180242,,Not Available,Not Available,Not Available,,Not Available
7012481-20260406-141247,,Not Available,Not Available,Not Available,,Not Available
7012481-20260319-135858,,Not Available,Not Available,Not Available,,Not Available
7012481-20260319-140130,,Not Available,Not Available,Not Available,,Not Available
7012481-20260319-140458,,Not Available,Not Available,Not Available,,Not Available
7012481-20260219-130421,,Not Available,Not Available,Not Available,,Not Available
7012481-20260207-150318,,Not Available,Not Available,Not Available,,Not Available
7012481-20260131-124828,,Not Available,Not Available,Not Available,,Not Available
7586580-20260421-122611,60650455,Not Available,Not Available,Not Available,EVERYDAY DW 12x1kg NR KL IN; MAGGI HOT & SWEET 12x1Kg N1 IN; MAGGI HOT & SWEET 24x500g N1 IN,Not Available
7586580-20260421-122611,60720455,Not Available,Not Available,Not Available,EVERYDAY DW 12x1kg NR KL IN; MAGGI HOT & SWEET 12x1Kg N1 IN; MAGGI HOT & SWEET 24x500g N1 IN,Not Available
7566631-20260321-115737,60440453,Not Available,Not Available,Not Available,,Not Available
7566631-20260321-115851,60260453,Not Available,Not Available,Not Available,,Not Available
7566631-20260321-115946,60637742,Not Available,Not Available,Not Available,NESCAFE Iced Frappe Cnd 60x170ml IN; MAG Cuppa Spicy Garlic Ndls 48x70.5g IN,Not Available
7566631-20260321-115946,60410451,Not Available,Not Available,Not Available,NESCAFE Iced Frappe Cnd 60x170ml IN; MAG Cuppa Spicy Garlic Ndls 48x70.5g IN,Not Available
7566631-20260321-115946,60680454,Not Available,Not Available,Not Available,NESCAFE Iced Frappe Cnd 60x170ml IN; MAG Cuppa Spicy Garlic Ndls 48x70.5g IN,Not Available
6754856-20260611-144828,,Not Available,Not Available,Not Available,,Not Available
6754856-20260611-144938,,Not Available,Not Available,Not Available,,Not Available
6754856-20260611-145138,,Not Available,Not Available,Not Available,,Not Available
6754856-20260407-150200,,Not Available,Not Available,Not Available,,Not Available
6754856-20260214-123639,,Not Available,Not Available,Not Available,,Not Available
6754856-20260120-103243,,Not Available,Not Available,Not Available,,Not Available
7560358-20260314-111112,,Not Available,Not Available,Not Available,,Not Available
7368848-20260109-180454,,Not Available,Not Available,Not Available,,Not Available
7098872-20260212-154243,12559235,Not Available,Not Available,Not Available,. Spicy Garlic 100/,Not Available
6819782-20260606-104236,,Not Available,Not Available,Not Available,,Not Available
6819782-20260410-181805,,Not Available,Not Available,Not Available,,Not Available
6819782-20260330-155758,,Not Available,Not Available,Not Available,,Not Available
6819782-20260314-091745,,Not Available,Not Available,Not Available,,Not Available
6819782-20260109-121948,,Not Available,Not Available,Not Available,,Not Available
3593882-20260319-114241,,Not Available,Not Available,Not Available,,Not Available
7465624-20260213-120606,,Not Available,Not Available,Not Available,,Not Available
7320085-20260616-121106,,Not Available,Not Available,Not Available,,Not Available
6248455-20260612-090338,,Not Available,Not Available,Not Available,,Not Available
6248455-20260529-115821,,Not Available,Not Available,Not Available,,Not Available
6248455-20260521-163146,,Not Available,Not Available,Not Available,,Not Available
6248455-20260521-163719,,Not Available,Not Available,Not Available,,Not Available
6248455-20260507-180115,,Not Available,Not Available,Not Available,,Not Available
6248455-20260423-203759,,Not Available,Not Available,Not Available,,Not Available
6248455-20260406-135141,,Not Available,Not Available,Not Available,,Not Available
6248455-20260327-155847,,Not Available,Not Available,Not Available,,Not Available
6248455-20260327-160035,,Not Available,Not Available,Not Available,,Not Available
6248455-20260318-092645,,Not Available,Not Available,Not Available,,Not Available
6248455-20260310-153015,,Not Available,Not Available,Not Available,,Not Available
6248455-20260226-123440,,Not Available,Not Available,Not Available,,Not Available
6248455-20260213-091732,,Not Available,Not Available,Not Available,,Not Available
6248455-20260207-181711,,Not Available,Not Available,Not Available,,Not Available
6248455-20260103-071517,,Not Available,Not Available,Not Available,,Not Available
601517-20260509-103234,,Not Available,Not Available,Not Available,,Not Available
601517-20260203-221809,,Not Available,Not Available,Not Available,,Not Available
7276075-20260512-173736,,Not Available,Not Available,Not Available,,Not Available
3595640-20260612-153820,,Not Available,Not Available,Not Available,,Not Available
3595640-20260404-145727,19023010,Not Available,Not Available,Not Available,MRP - 87 MAGGI 2 MINN Mas 24*450g PR Rs 4 off IN - 4 CS Shortages,Not Available
7356847-20260105-112052,,Not Available,Not Available,Not Available,milky bar choo strawberry sbg 64(9*11g),Not Available
6217756-20260428-173738,,Not Available,Not Available,Not Available,,Not Available
601632-20260506-105038,,Not Available,Not Available,Not Available,,Not Available
601632-20260325-110200,,Not Available,Not Available,Not Available,,Not Available
5802282-20260629-103647,,Not Available,Not Available,Not Available,,Not Available
5802282-20260522-174147,,Not Available,Not Available,Not Available,MAGGI Ntr-lcs Atta 96*72.5G,Not Available
601550-20260511-094958,,Not Available,Not Available,Not Available,,Not Available
601550-20260429-150608,,Not Available,Not Available,Not Available,,Not Available
601550-20260423-145158,,Not Available,Not Available,Not Available,,Not Available
5802282-20260108-130227,,Not Available,Not Available,Not Available,KIT KAT TAB CARAMEL12(12*50G),Not Available
601550-20260108-131342,,Not Available,Not Available,Not Available,,Not Available
601550-20260108-131546,,Not Available,Not Available,Not Available,,Not Available
7447235-20260520-113330,,Not Available,Not Available,Not Available,WHEAT APPLE 400G DESCRIPTION: ONE PIECE OF WHEAT APPLE 400G,Not Available
7447235-20260509-140408,,Not Available,Not Available,Not Available,EVERYDAY DAIRY CREAMER 400G DESCRIPTION: ONE,Not Available
7447235-20260506-152425,,Not Available,Not Available,Not Available,NESCAFE GOLD BLEND 90G DESCRIPTION : ONE,Not Available
7447235-20260425-114712,,Not Available,Not Available,Not Available,MAGGI CHKN 76G DESCRIPTION: ONE,Not Available
7447235-20260408-141537,,Not Available,Not Available,Not Available,HAZELNUT CRUNCH 120G DESCRIPTION,Not Available
7447235-20260325-112358,,Not Available,Not Available,Not Available,kit kat tablet rich choc 10(6*150g) Description : 1case,Not Available
6007542-20260325-133935,60024176,Not Available,Not Available,Not Available,KIT KAT Hazelnut Crunch 10(6x120g),Not Available
601559-20260323-105538,,Not Available,Not Available,Not Available,,Not Available
601559-20260316-104609,,Not Available,Not Available,Not Available,,Not Available
601559-20260205-174837,,Not Available,Not Available,Not Available,,Not Available
601559-20260119-113122,,Not Available,Not Available,Not Available,,Not Available
601559-20260112-115905,,Not Available,Not Available,Not Available,,Not Available
601559-20260105-105035,,Not Available,Not Available,Not Available,,Not Available
601564-20260407-150555,,Not Available,Not Available,Not Available,,Not Available
601564-20260407-151212,,Not Available,Not Available,Not Available,,Not Available
601564-20260407-151640,,Not Available,Not Available,Not Available,,Not Available
601564-20260407-152209,,Not Available,Not Available,Not Available,,Not Available
601564-20260407-152630,,Not Available,Not Available,Not Available,,Not Available
601564-20260407-153157,,Not Available,Not Available,Not Available,,Not Available
601564-20260407-153450,,Not Available,Not Available,Not Available,,Not Available
6801093-20260216-154250,,Not Available,Not Available,Not Available,,Not Available
6863779-20260526-130437,,Not Available,Not Available,Not Available,,Not Available
6863779-20260411-172154,,Not Available,Not Available,Not Available,,Not Available
7557703-20260606-164257,,Not Available,Not Available,Not Available,MAGGI 2-MINN Mas 24x300g PR Rs 2 Off IN,Not Available
7557703-20260604-140155,,Not Available,Not Available,Not Available,Maggi 2-Minn Chkn 24*304g IN,Not Available
5038599-20260512-153020,,Not Available,Not Available,Not Available,,Not Available
6151677-20260621-130413,,Not Available,Not Available,Not Available,,Not Available
6151677-20260620-172311,,Not Available,Not Available,Not Available,,Not Available
601607-20260618-203108,,Not Available,Not Available,Not Available,,Not Available
601607-20260111-130318,,Not Available,Not Available,Not Available,,Not Available
4409276-20260504-175129,,Not Available,Not Available,Not Available,,Not Available
4409276-20260421-201216,,Not Available,Not Available,Not Available,,Not Available
4409276-20260421-201546,,Not Available,Not Available,Not Available,,Not Available
4409276-20260417-132928,,Not Available,Not Available,Not Available,,Not Available
7354266-20260606-203502,,Not Available,Not Available,Not Available,,Not Available
7198893-20260629-224730,,Not Available,Not Available,Not Available,,Not Available
7198893-20260511-160510,,Not Available,Not Available,Not Available,,Not Available
7031803-20260529-163543,,Not Available,Not Available,Not Available,,Not Available
7031803-20260103-124711,,Not Available,Not Available,Not Available,,Not Available
7031803-20260103-130740,,Not Available,Not Available,Not Available,,Not Available
601615-20260630-183043,,Not Available,Not Available,Not Available,,Not Available
601615-20260411-162608,,Not Available,Not Available,Not Available,,Not Available
601615-20260411-163040,,Not Available,Not Available,Not Available,,Not Available
601615-20260411-163353,,Not Available,Not Available,Not Available,,Not Available
6659937-20260310-134115,,Not Available,Not Available,Not Available,,Not Available
6659937-20260226-133648,,Not Available,Not Available,Not Available,,Not Available
6659937-20260218-125950,,Not Available,Not Available,Not Available,,Not Available
6126390-20260506-104702,,Not Available,Not Available,Not Available,,Not Available
7283707-20260504-191911,,Not Available,Not Available,Not Available,,Not Available
5987453-20260629-115648,,Not Available,Not Available,Not Available,MAGGI 2 - MINN MASALA 48X140g N6,Not Available
5987453-20260629-125206,,Not Available,Not Available,Not Available,,Not Available
5987453-20260420-125105,,Not Available,Not Available,Not Available,MAGGI NTR-ICS OATS MILLETS 24X298G IN,Not Available
4966450-20260625-122406,,Not Available,Not Available,Not Available,,Not Available
4966450-20260625-125456,,Not Available,Not Available,Not Available,,Not Available
4966450-20260624-184202,,Not Available,Not Available,Not Available,,Not Available
4966450-20260624-184429,,Not Available,Not Available,Not Available,,Not Available
4966450-20260608-125904,,Not Available,Not Available,Not Available,,Not Available
4966450-20260605-123618,,Not Available,Not Available,Not Available,,Not Available
4966450-20260605-135409,,Not Available,Not Available,Not Available,,Not Available
4966450-20260409-115945,,Not Available,Not Available,Not Available,,Not Available
4966450-20260223-132834,,Not Available,Not Available,Not Available,,Not Available
4966450-20260205-132655,,Not Available,Not Available,Not Available,,Not Available
601620-20260606-140756,,Not Available,Not Available,Not Available,,Not Available
601620-20260418-115740,,Not Available,Not Available,Not Available,,Not Available
601620-20260410-115654,,Not Available,Not Available,Not Available,,Not Available
601620-20260316-141210,,Not Available,Not Available,Not Available,,Not Available
601620-20260310-140914,,Not Available,Not Available,Not Available,,Not Available
601620-20260310-141541,,Not Available,Not Available,Not Available,,Not Available
601620-20260114-122630,,Not Available,Not Available,Not Available,,Not Available
7090540-20260629-115650,,Not Available,Not Available,Not Available,,Not Available
7090540-20260624-121720,,Not Available,Not Available,Not Available,,Not Available
7090540-20260619-105144,,Not Available,Not Available,Not Available,,Not Available
601623-20260629-161144,,Not Available,Not Available,Not Available,,Not Available
7453842-20260625-180040,,Not Available,Not Available,Not Available,,Not Available
7453842-20260623-091015,,Not Available,Not Available,Not Available,,Not Available
7453842-20260623-091152,,Not Available,Not Available,Not Available,,Not Available
7453842-20260616-182007,,Not Available,Not Available,Not Available,,Not Available
7453842-20260616-182130,,Not Available,Not Available,Not Available,,Not Available
6043092-20260611-125216,,Not Available,Not Available,Not Available,,Not Available
6043092-20260320-133546,,Not Available,Not Available,Not Available,MAGGI PAZZTA CHSY TOM 80*68.5G IN,Not Available
6043092-20260317-131244,,Not Available,Not Available,Not Available,KIT KAT HAZELNUT CRUNCH 10(6*120G)IN,Not Available
7453842-20260310-152648,60506640,Not Available,Not Available,Not Available,Munch pouch,Not Available
601630-20260610-115416,,Not Available,Not Available,Not Available,,Not Available
601631-20260206-143510,,Not Available,Not Available,Not Available,,Not Available
3382314-20260106-103816,,Not Available,Not Available,Not Available,,Not Available
7023418-20260316-104839,,Not Available,Not Available,Not Available,,Not Available
7369977-20260610-121859,,Not Available,Not Available,Not Available,,Not Available
7369977-20260528-162455,,Not Available,Not Available,Not Available,,Not Available
7369977-20260403-171134,,Not Available,Not Available,Not Available,,Not Available
7369977-20260320-162808,,Not Available,Not Available,Not Available,,Not Available
7369977-20260202-190055,,Not Available,Not Available,Not Available,,Not Available
7369977-20260121-122525,,Not Available,Not Available,Not Available,,Not Available
7369977-20260121-170849,,Not Available,Not Available,Not Available,,Not Available
7369977-20260121-171902,,Not Available,Not Available,Not Available,,Not Available
7369977-20260121-172458,,Not Available,Not Available,Not Available,,Not Available
7093900-20260529-181607,,Not Available,Not Available,Not Available,,Not Available
7093900-20260228-143626,,Not Available,Not Available,Not Available,,Not Available
7093900-20260127-133140,,Not Available,Not Available,Not Available,,Not Available
5622725-20260120-111031,13797772,Not Available,Not Available,Not Available,MAGGI MEM 162(60-6G)PRB5G1 ONE,Not Available
5272377-20260429-202448,,Not Available,Not Available,Not Available,,Not Available
7083062-20260328-123402,,Not Available,Not Available,Not Available,,Not Available
601658-20260622-180357,,Not Available,Not Available,Not Available,,Not Available
7206600-20260626-185232,,Not Available,Not Available,Not Available,,Not Available
7206600-20260505-112205,,Not Available,Not Available,Not Available,,Not Available
601683-20260620-125118,,Not Available,Not Available,Not Available,,Not Available
601683-20260330-164525,,Not Available,Not Available,Not Available,,Not Available
5213822-20260618-134930,,Not Available,Not Available,Not Available,,Not Available
601707-20260512-112802,,Not Available,Not Available,Not Available,,Not Available
601707-20260508-122742,,Not Available,Not Available,Not Available,,Not Available
601707-20260508-123030,,Not Available,Not Available,Not Available,,Not Available
601707-20260508-123422,,Not Available,Not Available,Not Available,,Not Available
601707-20260508-123608,,Not Available,Not Available,Not Available,,Not Available
601707-20260508-123902,,Not Available,Not Available,Not Available,,Not Available
601707-20260508-124452,,Not Available,Not Available,Not Available,,Not Available
6775176-20260326-154417,,Not Available,Not Available,Not Available,,Not Available
6960711-20260625-220612,,Not Available,Not Available,Not Available,,Not Available
6960711-20260417-210501,,Not Available,Not Available,Not Available,,Not Available
6960711-20260320-215742,,Not Available,Not Available,Not Available,,Not Available
601713-20260615-134106,,Not Available,Not Available,Not Available,,Not Available
601713-20260612-122324,,Not Available,Not Available,Not Available,,Not Available
601713-20260417-115552,,Not Available,Not Available,Not Available,,Not Available
601713-20260417-175142,,Not Available,Not Available,Not Available,,Not Available
601713-20260203-174155,,Not Available,Not Available,Not Available,,Not Available
601713-20260203-174719,,Not Available,Not Available,Not Available,,Not Available
7099587-20260414-125322,,Not Available,Not Available,Not Available,,Not Available
6952263-20260617-164126,,Not Available,Not Available,Not Available,,Not Available
7265306-20260404-132700,,Not Available,Not Available,Not Available,,Not Available
7265306-20260205-140432,,Not Available,Not Available,Not Available,,Not Available
601743-20260619-124253,60172814,Not Available,Not Available,Not Available,MAGGI MeM 16(2(60x6g) PR B5G1 N2 IN; MAGGI Ntr-lcs Atta 16x435g RC 2 IN,Not Available
601743-20260619-124253,60400455,Not Available,Not Available,Not Available,MAGGI MeM 16(2(60x6g) PR B5G1 N2 IN; MAGGI Ntr-lcs Atta 16x435g RC 2 IN,Not Available
601743-20260619-130444,61382814,Not Available,Not Available,Not Available,MAGGI 2-MINN Masala 48x140g N6 IN,Not Available
601743-20260619-130641,61359939,Not Available,Not Available,Not Available,MAGGI 2-MINN Masala 12x560g NR IN,Not Available
601743-20260619-130916,61450455,Not Available,Not Available,Not Available,MAGGI 2-MINN Chkn 24x284g RC IN,Not Available
601743-20260619-131056,61382814,Not Available,Not Available,Not Available,MAGGI 2-MINN Masala 48x140g N6 IN,Not Available
601743-20260619-131232,61330454,Not Available,Not Available,Not Available,,Not Available
601743-20260618-114901,61100451,Not Available,Not Available,Not Available,MILKMAID Doy Pack 64x190g IN,Not Available
601743-20260618-115120,60330455,Not Available,Not Available,Not Available,MAGGI Sauce NONG 24x190g N1 IN,Not Available
601743-20260618-115341,61142814,Not Available,Not Available,Not Available,MAGGI PAZZTA Chsy Tom 80x68.5g IN,Not Available
601743-20260618-115624,60772814,Not Available,Not Available,Not Available,MAGGI 2-MIN Spicy Garlic 24x248g IN; MAGGI 2-MINN Spicy Cheesy 24x304g IN,Not Available
601743-20260618-115624,61030455,Not Available,Not Available,Not Available,MAGGI 2-MIN Spicy Garlic 24x248g IN; MAGGI 2-MINN Spicy Cheesy 24x304g IN,Not Available
601743-20260314-115857,60560453,Not Available,Not Available,Not Available,,Not Available
601743-20260314-120254,41680452,Not Available,Not Available,Not Available,NESCAFE Ice Roast 24x90g IN; MAG Cuppa Spicy Manchu Ndls 48x70.5g IN; MAGGI 2-MINN Masala 96x75g IN,Not Available
601743-20260314-120254,60350451,Not Available,Not Available,Not Available,NESCAFE Ice Roast 24x90g IN; MAG Cuppa Spicy Manchu Ndls 48x70.5g IN; MAGGI 2-MINN Masala 96x75g IN,Not Available
601743-20260314-120254,60340452,Not Available,Not Available,Not Available,NESCAFE Ice Roast 24x90g IN; MAG Cuppa Spicy Manchu Ndls 48x70.5g IN; MAGGI 2-MINN Masala 96x75g IN,Not Available
601743-20260302-121712,60060455,Not Available,Not Available,Not Available,MAGGI Sauce NONG 24x485g N1 IN,Not Available
601743-20260302-122059,52602814,Not Available,Not Available,Not Available,MAGGI 2-MIN Spicy Garlic 24x248g IN; NESC SUNRISE Sac 30(156x1.3g)UP APNR3 IN,Not Available
601743-20260302-122059,60400452,Not Available,Not Available,Not Available,MAGGI 2-MIN Spicy Garlic 24x248g IN; NESC SUNRISE Sac 30(156x1.3g)UP APNR3 IN,Not Available
601743-20260302-122300,53640452,Not Available,Not Available,Not Available,NESCAFE Sunrise Dawn Jar 15x190g TN IN,Not Available
601743-20260302-122441,52200451,Not Available,Not Available,Not Available,MAG Cuppa Spicy Manchu Ndls 48x70.5g IN,Not Available
601760-20260312-215148,,Not Available,Not Available,Not Available,,Not Available
601760-20260122-183915,,Not Available,Not Available,Not Available,,Not Available
601761-20260122-172851,,Not Available,Not Available,Not Available,,Not Available
601771-20260605-181716,,Not Available,Not Available,Not Available,,Not Available
1931284-20260410-105645,60392814,Not Available,Not Available,Not Available,,Not Available
601773-20260604-165703,,Not Available,Not Available,Not Available,,Not Available
601773-20260418-164238,12601765,Not Available,Not Available,Not Available,,Not Available
601773-20260403-151600,,Not Available,Not Available,Not Available,,Not Available
601780-20260627-104844,,Not Available,Not Available,Not Available,"NESCAFE CLASSIC Dawn Jar 24x90g,",Not Available
601780-20260624-150708,,Not Available,Not Available,Not Available,"SHOT 2CS; NESCAFE CLASSIC Dawn Jar 24x90g ,MRP: 445/- INVOICED 2CS, SHOT 2CS SKU: MAGGI PAZZTA Cheese 48x150g,; MAGGI 2-MINN Spicy Cheesy 96x76g ,",Not Available
601780-20260624-151811,,Not Available,Not Available,Not Available,"DATE-24-06-26; CERL STG3 Whe Rice Mix Frt 24x300g,MRP-290/- INVOICED 1CS WITH; NESCAFE Choco Latte Cnd 30x200ml,; NESCAFE Classic Latte Cnd 30X200ml,MRP-75/- INVOICED 1CS WITH",Not Available
601780-20260622-154713,,Not Available,Not Available,Not Available,"MAGGI HOT & SWEET 12x1Kg,",Not Available
601780-20260618-132229,,Not Available,Not Available,Not Available,"DATE-18-06-26; MAGGI 2-MIN Spec Mas 96x75g,",Not Available
601780-20260618-132532,,Not Available,Not Available,Not Available,"DATE-18-06-26; MAGGI 2-MINN Mas 24x300g,",Not Available
601780-20260616-123326,,Not Available,Not Available,Not Available,"SHOT 1EA; MILKMAID Doy Pack 64x190g,; MAGGI Sauce NONG 24x190g,; MAGGI Tom Ket 24x480g.; MAGGI HOT & SWEET 24x200g,",Not Available
601780-20260612-151035,,Not Available,Not Available,Not Available,NESCAFE Black Roast 24x90g PR 50Off IN,Not Available
601780-20260610-134018,,Not Available,Not Available,Not Available,"Date- 10-06-26; MAGGI PAZZTA Cheese 48x150g,Mrp-68/- Invoiced 5 CS, Shot 5 CS",Not Available
601780-20260606-140607,,Not Available,Not Available,Not Available,"DATE-06-06-26; MAGGI PAZZTA Cheese 48x150g,; MAGGI Masala-ae-Magic Sbg 60x72g,; MAGGI PAZZTA Cheese 96x75g,MRP-35/- INVOICED 14CS,; MAGGI 2-MIN Spec Mas 96x75g,",Not Available
601780-20260606-172517,,Not Available,Not Available,Not Available,"MAGGI PAZZTA Cheese 48x150g,",Not Available
601780-20260602-110053,,Not Available,Not Available,Not Available,"SHOT 1CS; NESC SR Stabilo 36x190g AP Rs200,; MAGGI PAZZTA Masala 96x69.5g,",Not Available
601780-20260530-111534,,Not Available,Not Available,Not Available,"NESCAFE SUNRISE Stabilo 80x90g,MRP 300/- INVOICED 4CS, SHOT 4CS",Not Available
601780-20260528-103807,,Not Available,Not Available,Not Available,"SHOT 1CS; MAGGI PAZZTA Cheese 96x75g ,; NESTLE a+ Milk 12x1L,",Not Available
601780-20260526-183234,,Not Available,Not Available,Not Available,"KIT KAT Tablet Caramel 12(12x50g),MRP 90/- INVOICED 10 CS,",Not Available
601780-20260523-121755,,Not Available,Not Available,Not Available,"SHOT 2CS; NESCAFE SUNRISE Stabilo 80x90g,MRP-300/- INVOICED 2 CS, SHOT 2CS SKU: MAGGI 2-MIN Spec Mas 24x300g,MRP 100/- INVOICED 14CS,",Not Available
601780-20260523-122522,,Not Available,Not Available,Not Available,"MUNCH Twin Bar 24(24x19.8g),",Not Available
601780-20260523-123620,,Not Available,Not Available,Not Available,"MAGGI 2-MINN Masala 12x560g,MRP 120/- INVOICED 270 CS,",Not Available
601780-20260520-120449,,Not Available,Not Available,Not Available,"MAGGI PAZZTA Cheese 96x75g,",Not Available
601780-20260518-113748,,Not Available,Not Available,Not Available,"SHOT 3CS; NESCAFE SUNRISE Stabilo 80x90g,; NESTEA Iced Tea Lemon 30x400g,; NESCAFE Choco Latte Cnd,; MAGGI 2-MIN Spicy Garlic 24x248g,",Not Available
601780-20260513-110506,,Not Available,Not Available,Not Available,NESCAFE Classic Latte Cnd 30X200ml,Not Available
601780-20260506-103840,,Not Available,Not Available,Not Available,,Not Available
601780-20260504-123041,,Not Available,Not Available,Not Available,,Not Available
601780-20260504-124649,,Not Available,Not Available,Not Available,,Not Available
601780-20260501-162035,,Not Available,Not Available,Not Available,,Not Available
601780-20260429-112419,,Not Available,Not Available,Not Available,"MUNCH Maha 27(32x10.4g),",Not Available
601780-20260428-121510,,Not Available,Not Available,Not Available,"SHOT 1CS; MAGGI PAZZTA Masala 48x139g,; MAGGI Ntr-lcs Oats Millets 24x298g,; NESTLE SLIM Skmd Milk TBrik 12x1L,",Not Available
601780-20260425-145140,,Not Available,Not Available,Not Available,"NESTLE SLIM Skmd Milk TBrik 12x1L,",Not Available
601780-20260425-145804,,Not Available,Not Available,Not Available,"SHOT 1CS; NESCAFE Clas Black Roast Jar 24x90g,; NESTLE SLIM Skmd Milk TBrik 12x1L,; MAGGI Ntr-lcs Atta 24x290g,MRP 108/- INVOICED 36CS,",Not Available
601780-20260425-150244,,Not Available,Not Available,Not Available,"LACTOGEN PRO 2 BIB 24x200g,",Not Available
601780-20260420-124746,,Not Available,Not Available,Not Available,"MAGGI 2-MINN Masala 96x95g, MRP20/- INVOICED 6CS,",Not Available
601780-20260418-105330,,Not Available,Not Available,Not Available,"MAGGI HOT & SWEET 12x1Kg,",Not Available
601780-20260414-173127,,Not Available,Not Available,Not Available,,Not Available
601780-20260408-115551,,Not Available,Not Available,Not Available,,Not Available
601780-20260407-143815,,Not Available,Not Available,Not Available,,Not Available
601780-20260402-134258,,Not Available,Not Available,Not Available,,Not Available
601780-20260323-103802,,Not Available,Not Available,Not Available,,Not Available
601780-20260320-115339,,Not Available,Not Available,Not Available,,Not Available
601780-20260317-121553,,Not Available,Not Available,Not Available,,Not Available
601780-20260311-114928,,Not Available,Not Available,Not Available,,Not Available
601780-20260307-164246,,Not Available,Not Available,Not Available,,Not Available
601780-20260306-123534,,Not Available,Not Available,Not Available,,Not Available
601780-20260305-133514,,Not Available,Not Available,Not Available,,Not Available
601780-20260305-133903,,Not Available,Not Available,Not Available,,Not Available
601780-20260305-134514,,Not Available,Not Available,Not Available,,Not Available
601780-20260305-134716,,Not Available,Not Available,Not Available,,Not Available
601780-20260305-135021,,Not Available,Not Available,Not Available,,Not Available
601780-20260221-113437,,Not Available,Not Available,Not Available,"KIT KAT 2x3F 18(14x(2x28.5g))N1,",Not Available
601780-20260214-150829,,Not Available,Not Available,Not Available,"Nestle Everyday DW 32x400g,",Not Available
601780-20260214-164305,,Not Available,Not Available,Not Available,,Not Available
601780-20260119-135330,,Not Available,Not Available,Not Available,,Not Available
601780-20260119-135421,,Not Available,Not Available,Not Available,,Not Available
601780-20260110-112639,,Not Available,Not Available,Not Available,,Not Available
601780-20260101-165408,,Not Available,Not Available,Not Available,,Not Available
7209153-20260429-140126,,Not Available,Not Available,Not Available,,Not Available
7209153-20260429-140340,,Not Available,Not Available,Not Available,,Not Available
7209153-20260123-144603,,Not Available,Not Available,Not Available,,Not Available
601785-20260608-114816,,Not Available,Not Available,Not Available,MAGGI 2-MINN Curry Masala 96x74g IN,Not Available
6261280-20260617-190355,,Not Available,Not Available,Not Available,,Not Available
6261280-20260123-104455,,Not Available,Not Available,Not Available,,Not Available
4776511-20260105-163942,,Not Available,Not Available,Not Available,,Not Available
4776511-20260105-171027,,Not Available,Not Available,Not Available,,Not Available
